{
    "customSalePrices": {
    },
    "primaryLootValueSources": {
        "10196": "market",
        "10276": "market",
        "10277": "market",
        "10278": "market",
        "10282": "market",
        "10289": "market",
        "10293": "market",
        "10298": "market",
        "10302": "market",
        "10304": "market",
        "10306": "market",
        "10308": "market",
        "10309": "market",
        "10310": "market",
        "10311": "market",
        "10312": "market",
        "10313": "market",
        "10315": "market",
        "10316": "market",
        "10317": "market",
        "10320": "market",
        "10397": "market",
        "10404": "market",
        "10405": "market",
        "10408": "market",
        "10409": "market",
        "10410": "market",
        "10411": "market",
        "10414": "market",
        "10415": "market",
        "10416": "market",
        "10417": "market",
        "10420": "market",
        "10444": "market",
        "10455": "market",
        "11444": "market",
        "11446": "market",
        "11450": "market",
        "11452": "market",
        "11457": "market",
        "11466": "market",
        "11467": "market",
        "11477": "market",
        "11480": "market",
        "11487": "market",
        "11488": "market",
        "11489": "market",
        "11490": "market",
        "11491": "market",
        "11492": "market",
        "11510": "market",
        "11512": "market",
        "11673": "market",
        "11702": "market",
        "14768": "market",
        "14769": "market",
        "16231": "market",
        "17458": "market",
        "17818": "market",
        "17819": "market",
        "18925": "market",
        "18926": "market",
        "18927": "market",
        "18928": "market",
        "18929": "market",
        "18930": "market",
        "20200": "market",
        "21182": "market",
        "21186": "market",
        "21194": "market",
        "21195": "market",
        "21197": "market",
        "21202": "market",
        "22051": "market",
        "22052": "market",
        "22053": "market",
        "22054": "market",
        "22055": "market",
        "22056": "market",
        "22188": "market",
        "22189": "market",
        "22191": "market",
        "23503": "market",
        "23504": "market",
        "23505": "market",
        "23506": "market",
        "23521": "market",
        "25697": "market",
        "25701": "market",
        "25702": "market",
        "2878": "market",
        "3048": "market",
        "3081": "market",
        "3085": "market",
        "33944": "market",
        "37545": "market",
        "44611": "market",
        "50261": "market",
        "5810": "market",
        "5875": "market",
        "5876": "market",
        "5877": "market",
        "5879": "market",
        "5881": "market",
        "5882": "market",
        "5889": "market",
        "5893": "market",
        "5895": "market",
        "5897": "market",
        "5899": "market",
        "5902": "market",
        "5905": "market",
        "5910": "market",
        "5912": "market",
        "5920": "market",
        "5925": "market",
        "5948": "market",
        "7290": "market",
        "9631": "market",
        "9639": "market",
        "9641": "market",
        "9644": "market",
        "9649": "market",
        "9654": "market",
        "9656": "market",
        "9659": "market",
        "9665": "market",
        "9685": "market",
        "9686": "market",
        "9694": "market"
    }
}
