{
    "hiddenQuestLines": [
    ],
    "options": {
        "autoTrackNewQuests": true,
        "autoUntrackCompletedQuests": true,
        "showCompletedInQuestLog": true,
        "showHiddenInQuestLog": true
    },
    "pinnedQuestLines": [
    ],
    "trackedQuests": [
        {
            "id": 2513,
            "isPinned": false
        },
        {
            "id": 2523,
            "isPinned": false
        },
        {
            "id": 4049,
            "isPinned": false
        },
        {
            "id": 746,
            "isPinned": false
        },
        {
            "id": 1295,
            "isPinned": false
        },
        {
            "id": 1414,
            "isPinned": false
        },
        {
            "id": 474,
            "isPinned": false
        },
        {
            "id": 476,
            "isPinned": false
        },
        {
            "id": 478,
            "isPinned": false
        },
        {
            "id": 477,
            "isPinned": false
        },
        {
            "id": 475,
            "isPinned": false
        },
        {
            "id": 473,
            "isPinned": false
        },
        {
            "id": 472,
            "isPinned": false
        },
        {
            "id": 740,
            "isPinned": false
        },
        {
            "id": 3031,
            "isPinned": false
        },
        {
            "id": 3904,
            "isPinned": false
        },
        {
            "id": 845,
            "isPinned": false
        },
        {
            "id": 437,
            "isPinned": false
        },
        {
            "id": 3078,
            "isPinned": false
        },
        {
            "id": 3319,
            "isPinned": false
        }
    ]
}
