{
    "chatOptions": {
        "chatModeOn": false,
        "lootChannelOpen": false,
        "openChannels": [
            7,
            3,
            5
        ]
    },
    "clientOptionsVersion": 9,
    "clientWindowOptions": {
        "clientWindowHeight": 664,
        "clientWindowIsBorderless": false,
        "clientWindowIsMaximized": true,
        "clientWindowPositionX": -1265,
        "clientWindowPositionY": 560,
        "clientWindowScreenName": "LG HDR 4K",
        "clientWindowWidth": 2558
    },
    "controlButtonsOptions": {
        "disabledButtons": [
        ],
        "enabledButtons": [
            "skillsWidget",
            "battleListWidget",
            "spellListWidget",
            "vipWidget",
            "lenshelpFunction",
            "questDialog",
            "compendiumDialog",
            "cyclopediaDialog",
            "highscoresDialog",
            "playerGuide",
            "manageShortcuts",
            "partyWidget",
            "skillWheelDialog",
            "questTrackerWidget",
            "preyDialog",
            "preyWidget",
            "rewardWallDialog",
            "analyticsSelectorWidget",
            "bosstiaryDialog",
            "bossslotsDialog",
            "bosstiaryTrackerWidget",
            "bestiaryTrackerWidget",
            "imbuementTrackerWidget",
            "weaponProficiency",
            "exaltationForgeDialog",
            "friendsDialog",
            "unjustifiedPoinsWidget",
            "taskboard"
        ]
    },
    "deviceCookieOptions": [
    ],
    "hotkeyOptions": {
        "autoSwitchHotkeyPreset": true,
        "currentHotkeySetName": "Maestrale",
        "hotkeySets": {
            "Maestrale": {
                "actionBarOptions": {
                    "mappings": [
                        {
                            "actionBar": 1,
                            "actionButton": 11,
                            "actionsetting": {
                                "chatText": "exani hur up",
                                "sendAutomatically": true
                            }
                        },
                        {
                            "actionBar": 1,
                            "actionButton": 19,
                            "actionsetting": {
                                "useObject": 7889,
                                "useType": "SelectUseTarget"
                            }
                        },
                        {
                            "actionBar": 1,
                            "actionButton": 12,
                            "actionsetting": {
                                "chatText": "exani hur down",
                                "sendAutomatically": true
                            }
                        },
                        {
                            "actionBar": 1,
                            "actionButton": 13,
                            "actionsetting": {
                                "useObject": 3175,
                                "useType": "UseAtMouseCursor"
                            }
                        },
                        {
                            "actionBar": 1,
                            "actionButton": 14,
                            "actionsetting": {
                                "useObject": 3161,
                                "useType": "UseAtMouseCursor"
                            }
                        },
                        {
                            "actionBar": 1,
                            "actionButton": 16,
                            "actionsetting": {
                                "useObject": 237,
                                "useType": "UseOnYourself"
                            }
                        },
                        {
                            "actionBar": 1,
                            "actionButton": 17,
                            "actionsetting": {
                                "useObject": 236,
                                "useType": "UseOnYourself"
                            }
                        },
                        {
                            "actionBar": 1,
                            "actionButton": 18,
                            "actionsetting": {
                                "useObject": 268,
                                "useType": "UseOnYourself"
                            }
                        },
                        {
                            "actionBar": 1,
                            "actionButton": 20,
                            "actionsetting": {
                                "chatText": "utamo tempo san",
                                "sendAutomatically": true
                            }
                        },
                        {
                            "actionBar": 1,
                            "actionButton": 21,
                            "actionsetting": {
                                "chatText": "utevo gran lux",
                                "sendAutomatically": true
                            }
                        },
                        {
                            "actionBar": 1,
                            "actionButton": 10,
                            "actionsetting": {
                                "chatText": "exani tera",
                                "sendAutomatically": true
                            }
                        },
                        {
                            "actionBar": 1,
                            "actionButton": 22,
                            "actionsetting": {
                                "chatText": "exevo con flam",
                                "sendAutomatically": true
                            }
                        },
                        {
                            "actionBar": 1,
                            "actionButton": 1,
                            "actionsetting": {
                                "useEquipSmartMode": true,
                                "useObject": 16114,
                                "useType": "Equip"
                            }
                        },
                        {
                            "actionBar": 1,
                            "actionButton": 2,
                            "actionsetting": {
                                "useEquipSmartMode": true,
                                "useObject": 23529,
                                "useType": "Equip"
                            }
                        },
                        {
                            "actionBar": 1,
                            "actionButton": 3,
                            "actionsetting": {
                                "upgradeTier": 0,
                                "useObject": 3308,
                                "useType": "SelectUseTarget"
                            }
                        },
                        {
                            "actionBar": 1,
                            "actionButton": 4,
                            "actionsetting": {
                                "chatText": "utani hur",
                                "sendAutomatically": true
                            }
                        },
                        {
                            "actionBar": 1,
                            "actionButton": 5,
                            "actionsetting": {
                                "upgradeTier": 0,
                                "useObject": 3280,
                                "useType": "UseAtMouseCursor"
                            }
                        },
                        {
                            "actionBar": 1,
                            "actionButton": 6,
                            "actionsetting": {
                                "useObject": 9596,
                                "useType": "SelectUseTarget"
                            }
                        },
                        {
                            "actionBar": 1,
                            "actionButton": 23,
                            "actionsetting": {
                                "upgradeTier": 0,
                                "useEquipSmartMode": false,
                                "useObject": 34156,
                                "useType": "Equip"
                            }
                        },
                        {
                            "actionBar": 1,
                            "actionButton": 24,
                            "actionsetting": {
                                "upgradeTier": 0,
                                "useEquipSmartMode": false,
                                "useObject": 27648,
                                "useType": "Equip"
                            }
                        },
                        {
                            "actionBar": 1,
                            "actionButton": 25,
                            "actionsetting": {
                                "upgradeTier": 0,
                                "useEquipSmartMode": false,
                                "useObject": 27455,
                                "useType": "Equip"
                            }
                        },
                        {
                            "actionBar": 1,
                            "actionButton": 26,
                            "actionsetting": {
                                "useEquipSmartMode": true,
                                "useObject": 22061,
                                "useType": "Equip"
                            }
                        },
                        {
                            "actionBar": 1,
                            "actionButton": 27,
                            "actionsetting": {
                                "useEquipSmartMode": true,
                                "useObject": 30342,
                                "useType": "Equip"
                            }
                        },
                        {
                            "actionBar": 1,
                            "actionButton": 28,
                            "actionsetting": {
                                "useObject": 21203,
                                "useType": "Use"
                            }
                        },
                        {
                            "actionBar": 1,
                            "actionButton": 7,
                            "actionsetting": {
                                "useObject": 35337,
                                "useType": "SelectUseTarget"
                            }
                        },
                        {
                            "actionBar": 1,
                            "actionButton": 15,
                            "actionsetting": {
                                "useObject": 3161,
                                "useType": "UseAtMouseCursor"
                            }
                        },
                        {
                            "actionBar": 1,
                            "actionButton": 8,
                            "actionsetting": {
                                "useObject": 35901,
                                "useType": "Use"
                            }
                        },
                        {
                            "actionBar": 1,
                            "actionButton": 9,
                            "actionsetting": {
                                "useObject": 3202,
                                "useType": "UseAtMouseCursor"
                            }
                        },
                        {
                            "actionBar": 1,
                            "actionButton": 29,
                            "actionsetting": {
                                "useObject": 21767,
                                "useType": "SelectUseTarget"
                            }
                        },
                        {
                            "actionBar": 2,
                            "actionButton": 1,
                            "actionsetting": {
                                "useObject": 238,
                                "useType": "UseOnYourself"
                            }
                        },
                        {
                            "actionBar": 2,
                            "actionButton": 2,
                            "actionsetting": {
                                "useObject": 23374,
                                "useType": "UseOnYourself"
                            }
                        },
                        {
                            "actionBar": 2,
                            "actionButton": 3,
                            "actionsetting": {
                                "useObject": 7642,
                                "useType": "UseOnYourself"
                            }
                        },
                        {
                            "actionBar": 2,
                            "actionButton": 4,
                            "actionsetting": {
                                "chatText": "exura gran san",
                                "sendAutomatically": true
                            }
                        },
                        {
                            "actionBar": 2,
                            "actionButton": 5,
                            "actionsetting": {
                                "chatText": "exura",
                                "sendAutomatically": true
                            }
                        },
                        {
                            "actionBar": 2,
                            "actionButton": 6,
                            "actionsetting": {
                                "multiActions": [
                                    {
                                        "chatText": "exevo mas san",
                                        "sendAutomatically": true
                                    },
                                    {
                                    },
                                    {
                                    }
                                ]
                            }
                        },
                        {
                            "actionBar": 2,
                            "actionButton": 7,
                            "actionsetting": {
                                "useObject": 3191,
                                "useType": "UseAtMouseCursor"
                            }
                        },
                        {
                            "actionBar": 2,
                            "actionButton": 8,
                            "actionsetting": {
                                "multiActions": [
                                    {
                                        "chatText": "exori gran con",
                                        "sendAutomatically": true
                                    },
                                    {
                                        "chatText": "exori san",
                                        "sendAutomatically": true
                                    },
                                    {
                                    }
                                ]
                            }
                        },
                        {
                            "actionBar": 2,
                            "actionButton": 9,
                            "actionsetting": {
                                "useObject": 3192,
                                "useType": "SelectUseTarget"
                            }
                        },
                        {
                            "actionBar": 2,
                            "actionButton": 11,
                            "actionsetting": {
                                "useObject": 3188,
                                "useType": "SelectUseTarget"
                            }
                        },
                        {
                            "actionBar": 2,
                            "actionButton": 10,
                            "actionsetting": {
                                "useObject": 3190,
                                "useType": "SelectUseTarget"
                            }
                        },
                        {
                            "actionBar": 2,
                            "actionButton": 12,
                            "actionsetting": {
                                "chatText": "Hi - Food - Yes - Bye",
                                "sendAutomatically": true
                            }
                        },
                        {
                            "actionBar": 2,
                            "actionButton": 13,
                            "actionsetting": {
                                "chatText": "Hi - Trouble - Yes",
                                "sendAutomatically": true
                            }
                        },
                        {
                            "actionBar": 2,
                            "actionButton": 23,
                            "actionsetting": {
                                "upgradeTier": 0,
                                "useEquipSmartMode": false,
                                "useObject": 3079,
                                "useType": "Equip"
                            }
                        },
                        {
                            "actionBar": 2,
                            "actionButton": 24,
                            "actionsetting": {
                                "upgradeTier": 1,
                                "useEquipSmartMode": false,
                                "useObject": 10323,
                                "useType": "Equip"
                            }
                        },
                        {
                            "actionBar": 2,
                            "actionButton": 22,
                            "actionsetting": {
                                "chatText": "utevo gran res sac",
                                "sendAutomatically": true
                            }
                        },
                        {
                            "actionBar": 2,
                            "actionButton": 26,
                            "actionsetting": {
                                "useEquipSmartMode": false,
                                "useObject": 25977,
                                "useType": "Equip"
                            }
                        },
                        {
                            "actionBar": 2,
                            "actionButton": 25,
                            "actionsetting": {
                                "useEquipSmartMode": false,
                                "useObject": 51271,
                                "useType": "Equip"
                            }
                        },
                        {
                            "actionBar": 2,
                            "actionButton": 27,
                            "actionsetting": {
                                "useEquipSmartMode": false,
                                "useObject": 43740,
                                "useType": "Equip"
                            }
                        },
                        {
                            "actionBar": 2,
                            "actionButton": 28,
                            "actionsetting": {
                                "useEquipSmartMode": false,
                                "useObject": 28493,
                                "useType": "Equip"
                            }
                        },
                        {
                            "actionBar": 2,
                            "actionButton": 29,
                            "actionsetting": {
                                "useEquipSmartMode": false,
                                "useObject": 25975,
                                "useType": "Equip"
                            }
                        }
                    ]
                },
                "chatOff": [
                    {
                        "actionsetting": {
                            "action": "TriggerActionButton_1.1"
                        },
                        "keysequence": "F1"
                    },
                    {
                        "actionsetting": {
                            "action": "TriggerActionButton_1.2"
                        },
                        "keysequence": "F2"
                    },
                    {
                        "actionsetting": {
                            "action": "TriggerActionButton_1.3"
                        },
                        "keysequence": "F3"
                    },
                    {
                        "actionsetting": {
                            "action": "TriggerActionButton_1.4"
                        },
                        "keysequence": "F4"
                    },
                    {
                        "actionsetting": {
                            "action": "TriggerActionButton_1.5"
                        },
                        "keysequence": "F5"
                    },
                    {
                        "actionsetting": {
                            "action": "TriggerActionButton_1.6"
                        },
                        "keysequence": "F6"
                    },
                    {
                        "actionsetting": {
                            "action": "TriggerActionButton_1.7"
                        },
                        "keysequence": "F7"
                    },
                    {
                        "actionsetting": {
                            "action": "TriggerActionButton_1.8"
                        },
                        "keysequence": "F8"
                    },
                    {
                        "actionsetting": {
                            "action": "TriggerActionButton_1.9"
                        },
                        "keysequence": "F9"
                    },
                    {
                        "actionsetting": {
                            "action": "TriggerActionButton_1.10"
                        },
                        "keysequence": "F10"
                    },
                    {
                        "actionsetting": {
                            "action": "TriggerActionButton_1.11"
                        },
                        "keysequence": "F11"
                    },
                    {
                        "actionsetting": {
                            "action": "TriggerActionButton_1.12"
                        },
                        "keysequence": "F12"
                    },
                    {
                        "actionsetting": {
                            "action": "TriggerActionButton_2.1"
                        },
                        "keysequence": "F"
                    },
                    {
                        "actionsetting": {
                            "action": "TriggerActionButton_2.2"
                        },
                        "keysequence": "G"
                    },
                    {
                        "actionsetting": {
                            "action": "TriggerActionButton_2.3"
                        },
                        "keysequence": "R"
                    },
                    {
                        "actionsetting": {
                            "action": "TriggerActionButton_2.4"
                        },
                        "keysequence": "1"
                    },
                    {
                        "actionsetting": {
                            "action": "TriggerActionButton_2.5"
                        },
                        "keysequence": "2"
                    },
                    {
                        "actionsetting": {
                            "action": "TriggerActionButton_2.6"
                        },
                        "keysequence": "3"
                    },
                    {
                        "actionsetting": {
                            "action": "TriggerActionButton_2.7"
                        },
                        "keysequence": "4"
                    },
                    {
                        "actionsetting": {
                            "action": "TriggerActionButton_2.8"
                        },
                        "keysequence": "X"
                    },
                    {
                        "actionsetting": {
                            "action": "AttackNextTarget"
                        },
                        "keysequence": "Space"
                    },
                    {
                        "actionsetting": {
                            "action": "AttackPreviousTarget"
                        },
                        "keysequence": "Ctrl+Space"
                    },
                    {
                        "actionsetting": {
                            "action": "CloseCurrentChannel"
                        },
                        "keysequence": "Ctrl+E"
                    },
                    {
                        "actionsetting": {
                            "action": "NextChannel"
                        },
                        "keysequence": "Tab"
                    },
                    {
                        "actionsetting": {
                            "action": "OpenChannelList"
                        },
                        "keysequence": "Ctrl+O"
                    },
                    {
                        "actionsetting": {
                            "action": "OpenHelpChannel"
                        },
                        "keysequence": "Ctrl+T"
                    },
                    {
                        "actionsetting": {
                            "action": "PreviousChannel"
                        },
                        "keysequence": "Shift+Backtab"
                    },
                    {
                        "actionsetting": {
                            "action": "ShowDefaultChannel"
                        },
                        "keysequence": "Alt+D"
                    },
                    {
                        "actionsetting": {
                            "action": "ChatModeTemporaryOn"
                        },
                        "keysequence": "Return"
                    },
                    {
                        "actionsetting": {
                            "action": "ChatModeTemporaryOn"
                        },
                        "keysequence": "Num+Enter"
                    },
                    {
                        "actionsetting": {
                            "action": "Copy"
                        },
                        "keysequence": "Ctrl+C"
                    },
                    {
                        "actionsetting": {
                            "action": "ToggleShowServermessagesInCurrentChannel"
                        },
                        "keysequence": "Ctrl+M"
                    },
                    {
                        "actionsetting": {
                            "action": "ToggleManualSortMode"
                        },
                        "keysequence": "Shift+S"
                    },
                    {
                        "actionsetting": {
                            "action": "Bugreport"
                        },
                        "keysequence": "Ctrl+Z"
                    },
                    {
                        "actionsetting": {
                            "action": "ShowCyclopediaMap"
                        },
                        "keysequence": "M"
                    },
                    {
                        "actionsetting": {
                            "action": "ShowIgnorelist"
                        },
                        "keysequence": "Ctrl+I"
                    },
                    {
                        "actionsetting": {
                            "action": "ShowOptionsHotkeys"
                        },
                        "keysequence": "Ctrl+K"
                    },
                    {
                        "actionsetting": {
                            "action": "ShowPrey"
                        },
                        "keysequence": "Ctrl+Y"
                    },
                    {
                        "actionsetting": {
                            "action": "ShowQuestlog"
                        },
                        "keysequence": "Ctrl+U"
                    },
                    {
                        "actionsetting": {
                            "action": "QuickLootAreaAtPlayer"
                        },
                        "keysequence": "V"
                    },
                    {
                        "actionsetting": {
                            "action": "MinimapFloorDown"
                        },
                        "keysequence": "Alt+PgDown"
                    },
                    {
                        "actionsetting": {
                            "action": "MinimapFloorUp"
                        },
                        "keysequence": "Alt+PgUp"
                    },
                    {
                        "actionsetting": {
                            "action": "MinimapScrollEast"
                        },
                        "keysequence": "Alt+Right"
                    },
                    {
                        "actionsetting": {
                            "action": "MinimapScrollNorth"
                        },
                        "keysequence": "Alt+Up"
                    },
                    {
                        "actionsetting": {
                            "action": "MinimapScrollSouth"
                        },
                        "keysequence": "Alt+Down"
                    },
                    {
                        "actionsetting": {
                            "action": "MinimapScrollWest"
                        },
                        "keysequence": "Alt+Left"
                    },
                    {
                        "actionsetting": {
                            "action": "MinimapZoomIn"
                        },
                        "keysequence": "Alt+End"
                    },
                    {
                        "actionsetting": {
                            "action": "MinimapZoomOut"
                        },
                        "keysequence": "Alt+Home"
                    },
                    {
                        "actionsetting": {
                            "action": "ShowLenshelp"
                        },
                        "keysequence": "Ctrl+H"
                    },
                    {
                        "actionsetting": {
                            "action": "ChangeCharacter"
                        },
                        "keysequence": "Ctrl+G"
                    },
                    {
                        "actionsetting": {
                            "action": "ClearOldestMessage"
                        },
                        "keysequence": "Alt+W"
                    },
                    {
                        "actionsetting": {
                            "action": "Logout"
                        },
                        "keysequence": "Ctrl+L"
                    },
                    {
                        "actionsetting": {
                            "action": "Logout"
                        },
                        "keysequence": "Ctrl+Q"
                    },
                    {
                        "actionsetting": {
                            "action": "NextHotkeyPreset"
                        },
                        "keysequence": "Ctrl+J"
                    },
                    {
                        "actionsetting": {
                            "action": "TakeScreenshot"
                        },
                        "keysequence": "Ctrl+Alt+F12"
                    },
                    {
                        "actionsetting": {
                            "action": "GoEast"
                        },
                        "keysequence": "D"
                    },
                    {
                        "actionsetting": {
                            "action": "GoNorth"
                        },
                        "keysequence": "W"
                    },
                    {
                        "actionsetting": {
                            "action": "GoNorthEast"
                        },
                        "keysequence": "E"
                    },
                    {
                        "actionsetting": {
                            "action": "GoNorthWest"
                        },
                        "keysequence": "Q"
                    },
                    {
                        "actionsetting": {
                            "action": "GoSouth"
                        },
                        "keysequence": "S"
                    },
                    {
                        "actionsetting": {
                            "action": "GoSouthEast"
                        },
                        "keysequence": "C"
                    },
                    {
                        "actionsetting": {
                            "action": "GoSouthWest"
                        },
                        "keysequence": "Z"
                    },
                    {
                        "actionsetting": {
                            "action": "GoWest"
                        },
                        "keysequence": "A"
                    },
                    {
                        "actionsetting": {
                            "action": "ToggleMounted"
                        },
                        "keysequence": "Ctrl+R"
                    },
                    {
                        "actionsetting": {
                            "action": "StopPlayer"
                        },
                        "keysequence": "Esc"
                    },
                    {
                        "actionsetting": {
                            "action": "ToggleCreatureHudsVisible"
                        },
                        "keysequence": "Ctrl+N"
                    },
                    {
                        "actionsetting": {
                            "action": "ToggleFPSLagIndicator"
                        },
                        "keysequence": "Alt+F8"
                    },
                    {
                        "actionsetting": {
                            "action": "ToggleFullscreen"
                        },
                        "keysequence": "Ctrl+F"
                    },
                    {
                        "actionsetting": {
                            "action": "ToggleFullscreen"
                        },
                        "keysequence": "Alt+Return"
                    },
                    {
                        "actionsetting": {
                            "action": "ToggleVipWidget"
                        },
                        "keysequence": "Ctrl+P"
                    },
                    {
                        "actionsetting": {
                            "action": "ToggleBattlelist"
                        },
                        "keysequence": "Ctrl+B"
                    },
                    {
                        "actionsetting": {
                            "action": "ToggleSkillsWidget"
                        },
                        "keysequence": "Alt+S"
                    },
                    {
                        "actionsetting": {
                            "action": "ToggleSpellListWidget"
                        },
                        "keysequence": "Alt+L"
                    }
                ],
                "chatOn": [
                    {
                        "actionsetting": {
                            "action": "TriggerActionButton_1.1"
                        },
                        "keysequence": "F1"
                    },
                    {
                        "actionsetting": {
                            "action": "TriggerActionButton_1.2"
                        },
                        "keysequence": "F2"
                    },
                    {
                        "actionsetting": {
                            "action": "TriggerActionButton_1.3"
                        },
                        "keysequence": "F3"
                    },
                    {
                        "actionsetting": {
                            "action": "TriggerActionButton_1.4"
                        },
                        "keysequence": "F4"
                    },
                    {
                        "actionsetting": {
                            "action": "TriggerActionButton_1.5"
                        },
                        "keysequence": "F5"
                    },
                    {
                        "actionsetting": {
                            "action": "TriggerActionButton_1.6"
                        },
                        "keysequence": "F6"
                    },
                    {
                        "actionsetting": {
                            "action": "TriggerActionButton_1.7"
                        },
                        "keysequence": "F7"
                    },
                    {
                        "actionsetting": {
                            "action": "TriggerActionButton_1.8"
                        },
                        "keysequence": "F8"
                    },
                    {
                        "actionsetting": {
                            "action": "TriggerActionButton_1.9"
                        },
                        "keysequence": "F9"
                    },
                    {
                        "actionsetting": {
                            "action": "TriggerActionButton_1.10"
                        },
                        "keysequence": "F10"
                    },
                    {
                        "actionsetting": {
                            "action": "TriggerActionButton_1.11"
                        },
                        "keysequence": "F11"
                    },
                    {
                        "actionsetting": {
                            "action": "TriggerActionButton_1.12"
                        },
                        "keysequence": "F12"
                    },
                    {
                        "actionsetting": {
                            "action": "CloseCurrentChannel"
                        },
                        "keysequence": "Ctrl+E"
                    },
                    {
                        "actionsetting": {
                            "action": "NextChannel"
                        },
                        "keysequence": "Tab"
                    },
                    {
                        "actionsetting": {
                            "action": "OpenChannelList"
                        },
                        "keysequence": "Ctrl+O"
                    },
                    {
                        "actionsetting": {
                            "action": "OpenHelpChannel"
                        },
                        "keysequence": "Ctrl+T"
                    },
                    {
                        "actionsetting": {
                            "action": "PreviousChannel"
                        },
                        "keysequence": "Shift+Backtab"
                    },
                    {
                        "actionsetting": {
                            "action": "ShowDefaultChannel"
                        },
                        "keysequence": "Alt+D"
                    },
                    {
                        "actionsetting": {
                            "action": "Copy"
                        },
                        "keysequence": "Ctrl+C"
                    },
                    {
                        "actionsetting": {
                            "action": "SelectAll"
                        },
                        "keysequence": "Ctrl+A"
                    },
                    {
                        "actionsetting": {
                            "action": "PressEnterInChat"
                        },
                        "keysequence": "Return"
                    },
                    {
                        "actionsetting": {
                            "action": "PressEnterInChat"
                        },
                        "keysequence": "Num+Enter"
                    },
                    {
                        "actionsetting": {
                            "action": "ToggleShowServermessagesInCurrentChannel"
                        },
                        "keysequence": "Ctrl+M"
                    },
                    {
                        "actionsetting": {
                            "action": "ToggleManualSortMode"
                        },
                        "keysequence": "Shift+S"
                    },
                    {
                        "actionsetting": {
                            "action": "Bugreport"
                        },
                        "keysequence": "Ctrl+Z"
                    },
                    {
                        "actionsetting": {
                            "action": "ShowIgnorelist"
                        },
                        "keysequence": "Ctrl+I"
                    },
                    {
                        "actionsetting": {
                            "action": "ShowOptionsHotkeys"
                        },
                        "keysequence": "Ctrl+K"
                    },
                    {
                        "actionsetting": {
                            "action": "ShowPrey"
                        },
                        "keysequence": "Ctrl+Y"
                    },
                    {
                        "actionsetting": {
                            "action": "ShowQuestlog"
                        },
                        "keysequence": "Ctrl+U"
                    },
                    {
                        "actionsetting": {
                            "action": "QuickLootAreaAtPlayer"
                        },
                        "keysequence": "Alt+Q"
                    },
                    {
                        "actionsetting": {
                            "action": "MinimapFloorDown"
                        },
                        "keysequence": "Alt+PgDown"
                    },
                    {
                        "actionsetting": {
                            "action": "MinimapFloorUp"
                        },
                        "keysequence": "Alt+PgUp"
                    },
                    {
                        "actionsetting": {
                            "action": "MinimapScrollEast"
                        },
                        "keysequence": "Alt+Right"
                    },
                    {
                        "actionsetting": {
                            "action": "MinimapScrollNorth"
                        },
                        "keysequence": "Alt+Up"
                    },
                    {
                        "actionsetting": {
                            "action": "MinimapScrollSouth"
                        },
                        "keysequence": "Alt+Down"
                    },
                    {
                        "actionsetting": {
                            "action": "MinimapScrollWest"
                        },
                        "keysequence": "Alt+Left"
                    },
                    {
                        "actionsetting": {
                            "action": "MinimapZoomIn"
                        },
                        "keysequence": "Alt+End"
                    },
                    {
                        "actionsetting": {
                            "action": "MinimapZoomOut"
                        },
                        "keysequence": "Alt+Home"
                    },
                    {
                        "actionsetting": {
                            "action": "ShowLenshelp"
                        },
                        "keysequence": "Ctrl+H"
                    },
                    {
                        "actionsetting": {
                            "action": "ChangeCharacter"
                        },
                        "keysequence": "Ctrl+G"
                    },
                    {
                        "actionsetting": {
                            "action": "ClearOldestMessage"
                        },
                        "keysequence": "Alt+W"
                    },
                    {
                        "actionsetting": {
                            "action": "Logout"
                        },
                        "keysequence": "Ctrl+L"
                    },
                    {
                        "actionsetting": {
                            "action": "Logout"
                        },
                        "keysequence": "Ctrl+Q"
                    },
                    {
                        "actionsetting": {
                            "action": "NextHotkeyPreset"
                        },
                        "keysequence": "Ctrl+J"
                    },
                    {
                        "actionsetting": {
                            "action": "TakeScreenshot"
                        },
                        "keysequence": "Alt+Shift+S"
                    },
                    {
                        "actionsetting": {
                            "action": "ToggleMounted"
                        },
                        "keysequence": "Ctrl+R"
                    },
                    {
                        "actionsetting": {
                            "action": "StopPlayer"
                        },
                        "keysequence": "Esc"
                    },
                    {
                        "actionsetting": {
                            "action": "ToggleCreatureHudsVisible"
                        },
                        "keysequence": "Ctrl+N"
                    },
                    {
                        "actionsetting": {
                            "action": "ToggleFPSLagIndicator"
                        },
                        "keysequence": "Alt+F8"
                    },
                    {
                        "actionsetting": {
                            "action": "ToggleFullscreen"
                        },
                        "keysequence": "Ctrl+F"
                    },
                    {
                        "actionsetting": {
                            "action": "ToggleFullscreen"
                        },
                        "keysequence": "Alt+Return"
                    },
                    {
                        "actionsetting": {
                            "action": "ToggleVipWidget"
                        },
                        "keysequence": "Ctrl+P"
                    },
                    {
                        "actionsetting": {
                            "action": "ToggleBattlelist"
                        },
                        "keysequence": "Ctrl+B"
                    },
                    {
                        "actionsetting": {
                            "action": "ToggleSkillsWidget"
                        },
                        "keysequence": "Alt+S"
                    },
                    {
                        "actionsetting": {
                            "action": "ToggleSpellListWidget"
                        },
                        "keysequence": "Alt+L"
                    }
                ]
            }
        },
        "showStaticHotkeysFirst": true
    },
    "news": {
        "maxunlocklevel": 232
    },
    "npcDialogOptions": {
        "height": 599,
        "width": 753,
        "x": 399,
        "y": 251
    },
    "options": {
        "ChatEnabled": true,
        "GlobalMessagesEnabled": true,
        "GuildMessagesEnabled": true,
        "NpcMessageseEnabled": true,
        "PartyMessagesEnabled": true,
        "PrivateMessagesEnabled": true,
        "PrivateMessagesWithoutTabEnabled": true,
        "RaidMessagesEnabled": true,
        "SystemMessagesEnabled": true,
        "TeamFinderMessagesEnabled": true,
        "actionBarBottomLocked": false,
        "actionBarLeftLocked": false,
        "actionBarRightLocked": false,
        "actionBarShowBottom1": true,
        "actionBarShowBottom2": true,
        "actionBarShowBottom3": false,
        "actionBarShowLeft1": false,
        "actionBarShowLeft2": false,
        "actionBarShowLeft3": false,
        "actionBarShowRight1": false,
        "actionBarShowRight2": false,
        "actionBarShowRight3": false,
        "actionBarsShowBottom": true,
        "actionBarsShowLeft": true,
        "actionBarsShowRight": true,
        "actionButtonAllowTooltip": true,
        "actionButtonShowAmount": true,
        "actionButtonShowCooldownNumbers": true,
        "actionButtonShowGraphicalCooldown": true,
        "actionButtonShowHotkey": true,
        "actionButtonShowSpellParameters": true,
        "alwaysTurnTowardsMoveDirection": true,
        "antialiasingMode": 0,
        "autoChaseEnabled": false,
        "charTradePaymentRemindAgain": 0,
        "characterSelectionShowHidden": true,
        "characterSelectionShowOutfits": true,
        "characterSelectionSortAscendingOrder": true,
        "characterSelectionSortColumn": 2,
        "colorizeLootStyle": 1,
        "combatShowFrames": true,
        "combatShowPvpFrames": true,
        "connectionStabilityOptimizationEnabled": true,
        "consoleShowEventMessages": true,
        "consoleShowInfoMessages": true,
        "consoleShowJoinLeaveMessages": true,
        "consoleShowLevels": true,
        "consoleShowStatusMessagesOfOthers": true,
        "consoleShowStatusMessagesOwn": true,
        "consoleShowTimestamps": true,
        "consoleShowTimestampsSeconds": false,
        "containerMoveToManagedContainerRecursive": false,
        "containerMoveToManagedContainerRecursiveShowWarningAgain": true,
        "containerMoveToManagedContainerRecursiveWarning": false,
        "containerSortBackpacksFirst": false,
        "containerSortRecursive": false,
        "containerSortRecursiveShowWarningAgain": true,
        "controlSchemeIndex": 2,
        "cooldownBarEnabled": true,
        "creatueShowNpcIcon": true,
        "creatureHudEnabled": true,
        "creatureShowHealth": true,
        "creatureShowMarks": true,
        "creatureShowName": true,
        "dragAndDropDefaultActionIsMoveAll": true,
        "emergencyDialogVersion": 0,
        "frameRateLimit": 60,
        "frameRateLimitEnabled": true,
        "gameWindowLowerPaneHeight": 210,
        "gameWindowResizingMode": 2,
        "gameWindowScaleOnlyByEvenMultiples": false,
        "gameWindowShowAttackAnimation": true,
        "gameWindowShowBoostedCreatureMessages": true,
        "gameWindowShowHotkeyUsageMessages": true,
        "gameWindowShowInfoBanner": true,
        "gameWindowShowLootHighlighting": true,
        "gameWindowShowLootMessages": true,
        "gameWindowShowMessages": true,
        "gameWindowShowOfflineTrainingMessages": true,
        "gameWindowShowOthersSpells": true,
        "gameWindowShowOwnSpells": true,
        "gameWindowShowPotionMessages": true,
        "gameWindowShowPrivateMessages": true,
        "gameWindowShowStoreMessages": true,
        "gameWindowShowTargetHighlight": true,
        "gameWindowShowTextualEffects": true,
        "gameWindowShowTragetFrame": true,
        "gameWindowUpperPaneHeight": 1096,
        "inspectPlayerAllowAllEnabled": false,
        "keyboardDelayMs": 250,
        "keyboardDelayUseDefault": true,
        "lightAmbientLevel": 1,
        "lightAttenuationCloudsIndoor": 0.5,
        "lightEffectsEnabled": false,
        "lightLevelSeparatorLevel": 1,
        "linkCopyWarningEnabled": true,
        "loginEmailAddress": "",
        "lootSchemeIndex": 0,
        "marketShowLockerOnly": false,
        "monsterBossAreaEffectsOpacity": 1,
        "monsterEffectsOpacity": 1,
        "mouseAnimatedCursor": true,
        "mouseBigCursor": true,
        "mouseHighlightTarget": true,
        "mouseSystemCursor": false,
        "openNewPrivateMessagesInNewTab": false,
        "optionsShowAdvanced": true,
        "otherPlayersEffectsOpacity": 1,
        "ownEffectsOpacity": 1,
        "playerHudArcDistance": 0.25,
        "playerHudArcHeight": 0.3499999940395355,
        "playerHudArcOpacity": 1,
        "playerHudArcWidth": 10,
        "playerHudEnabled": true,
        "playerHudShowArcs": true,
        "playerHudShowBars": true,
        "playerHudShowHarmonyLeft": true,
        "playerShowHarmonySerene": true,
        "playerShowHealth": true,
        "playerShowMana": true,
        "playerShowMarks": true,
        "playerShowName": true,
        "quickLogin": true,
        "quickLootAllCorpsesInAreaEnabled": true,
        "rememberLoginEmail": true,
        "rendererIndex": 7,
        "rotateWithAlt": false,
        "rotateWithCtrl": true,
        "rotateWithShift": false,
        "screenshotsAchievementEnabled": true,
        "screenshotsAutoScreenshotsEnabled": true,
        "screenshotsBestiaryFullEnabled": true,
        "screenshotsBestiaryPartlyEnabled": false,
        "screenshotsBossKillEnabled": true,
        "screenshotsDeathPvEEnabled": true,
        "screenshotsDeathPvPEnabled": true,
        "screenshotsGiftOfLifeEnabled": true,
        "screenshotsLevelUpEnabled": true,
        "screenshotsLowHitPointsEnabled": false,
        "screenshotsNewMaxDamageEnabled": false,
        "screenshotsNewMaxHealingEnabled": false,
        "screenshotsPlayerKillAssistEnabled": false,
        "screenshotsPlayerKillFullEnabled": false,
        "screenshotsPvPAttackEnabled": false,
        "screenshotsRewardChestEnabled": true,
        "screenshotsSkillUpEnabled": true,
        "screenshotsTrackedLootEnabled": true,
        "screenshotsUseBacklog": false,
        "screnshotsOnlyGameWindow": false,
        "sessionRemainLoggedIn": true,
        "showEMailAsPlainText": true,
        "showExpireInContainers": false,
        "showExpireInInventory": true,
        "showExpireWhenUnused": true,
        "showFpsLagIndicator": true,
        "soundAmbienceVolume": 100,
        "soundAnthemEnabled": true,
        "soundBattleCreaturesAttacksEnabled": true,
        "soundBattleCreaturesDeathEnabled": true,
        "soundBattleCreaturesNoisesEnabled": true,
        "soundBattleCreaturesVolume": 100,
        "soundBattleOthersAttackSpellsEnabled": true,
        "soundBattleOthersHealingSpellsEnabled": true,
        "soundBattleOthersSpellsEnabled": true,
        "soundBattleOthersSupportSpellsEnabled": true,
        "soundBattleOthersVolume": 100,
        "soundBattleOthersWeaponsEnabled": true,
        "soundBattleOwnAttackSpellsEnabled": true,
        "soundBattleOwnHealingSpellsEnabled": true,
        "soundBattleOwnSpellsEnabled": true,
        "soundBattleOwnSupportSpellsEnabled": true,
        "soundBattleOwnVolume": 100,
        "soundBattleOwnWeaponsEnabled": true,
        "soundEatingEnabled": true,
        "soundEventsVolume": 100,
        "soundItemsVolume": 100,
        "soundMasterVolume": 100,
        "soundMasterVolumeOld": 100,
        "soundMoveItemEnabled": true,
        "soundMusicVolume": 50,
        "soundPartyEnabled": true,
        "soundUiInteractionsEnabled": true,
        "soundUiVolume": 100,
        "soundVipEnabled": true,
        "stashAskBeforeStowContainerContent": false,
        "statusBarEnabled": true,
        "statusPanelEnabled": false,
        "storeAskBeforeBuyingProducts": false,
        "useFreetypeRenderer": false,
        "usedSoundDevice": "auto",
        "vSyncEnabled": false
    },
    "pinnedCharacters": [
        "15bec87c4b66fa31f9395da65d0eedf65218d956a16b476999c8145e06f80a36",
        "debd5a9a7b1a2ee1504be913e3bd37fff79d9c8811a07c7fed0a89976d86ba28",
        "f9a24747f2ba8693a2f7822687cea96eb3a2f333a1cb67125f3ff85c32b6815c"
    ],
    "rendererChangeConfirmationRequired": false,
    "specialConditionsOptions": {
        "showInBar": true,
        "showInHUD": true,
        "specialConditionsOrder": [
            [
                0,
                0
            ],
            [
                0,
                1
            ],
            [
                0,
                2
            ],
            [
                0,
                15
            ],
            [
                0,
                27
            ],
            [
                0,
                28
            ],
            [
                0,
                19
            ],
            [
                0,
                20
            ],
            [
                0,
                3
            ],
            [
                4,
                4
            ],
            [
                0,
                5
            ],
            [
                0,
                6
            ],
            [
                0,
                7
            ],
            [
                0,
                8
            ],
            [
                0,
                9
            ],
            [
                0,
                10
            ],
            [
                0,
                11
            ],
            [
                0,
                29
            ],
            [
                0,
                12
            ],
            [
                0,
                13
            ],
            [
                0,
                14
            ],
            [
                4,
                3
            ],
            [
                0,
                16
            ],
            [
                0,
                17
            ],
            [
                0,
                18
            ],
            [
                4,
                1
            ],
            [
                4,
                2
            ],
            [
                3,
                1
            ],
            [
                3,
                2
            ],
            [
                3,
                3
            ],
            [
                3,
                4
            ],
            [
                3,
                5
            ],
            [
                3,
                6
            ],
            [
                4,
                0
            ],
            [
                1,
                2
            ]
        ],
        "visibleInBar": [
            [
                0,
                0
            ],
            [
                0,
                1
            ],
            [
                0,
                2
            ],
            [
                0,
                3
            ],
            [
                0,
                5
            ],
            [
                0,
                6
            ],
            [
                0,
                7
            ],
            [
                0,
                8
            ],
            [
                0,
                9
            ],
            [
                0,
                10
            ],
            [
                0,
                11
            ],
            [
                0,
                12
            ],
            [
                0,
                13
            ],
            [
                0,
                14
            ],
            [
                0,
                15
            ],
            [
                0,
                16
            ],
            [
                0,
                17
            ],
            [
                0,
                18
            ],
            [
                0,
                19
            ],
            [
                0,
                20
            ],
            [
                0,
                27
            ],
            [
                0,
                28
            ],
            [
                0,
                29
            ],
            [
                1,
                2
            ],
            [
                3,
                1
            ],
            [
                3,
                2
            ],
            [
                3,
                3
            ],
            [
                3,
                4
            ],
            [
                3,
                5
            ],
            [
                3,
                6
            ],
            [
                4,
                0
            ],
            [
                4,
                1
            ],
            [
                4,
                2
            ],
            [
                4,
                3
            ],
            [
                4,
                4
            ]
        ],
        "visibleInHUD": [
            [
                0,
                0
            ],
            [
                0,
                1
            ],
            [
                0,
                2
            ],
            [
                0,
                3
            ],
            [
                0,
                5
            ],
            [
                0,
                6
            ],
            [
                0,
                8
            ],
            [
                0,
                9
            ],
            [
                0,
                10
            ],
            [
                0,
                11
            ],
            [
                0,
                15
            ],
            [
                0,
                16
            ],
            [
                0,
                17
            ],
            [
                0,
                18
            ],
            [
                0,
                19
            ],
            [
                0,
                20
            ],
            [
                0,
                27
            ],
            [
                0,
                28
            ],
            [
                3,
                1
            ],
            [
                3,
                2
            ],
            [
                3,
                3
            ],
            [
                3,
                4
            ],
            [
                3,
                5
            ],
            [
                3,
                6
            ],
            [
                4,
                4
            ]
        ]
    },
    "survey": {
        "id": 0,
        "status": 2
    },
    "whiteBlacklistOptions": {
        "blacklistedNames": [
        ],
        "whitelistedNames": [
        ]
    }
}
