{
    "hiddenQuestLines": [
    ],
    "options": {
        "autoTrackNewQuests": true,
        "autoUntrackCompletedQuests": true,
        "showCompletedInQuestLog": true,
        "showHiddenInQuestLog": false
    },
    "pinnedQuestLines": [
    ],
    "trackedQuests": [
        {
            "id": 300,
            "isPinned": false
        },
        {
            "id": 890,
            "isPinned": false
        },
        {
            "id": 894,
            "isPinned": false
        },
        {
            "id": 887,
            "isPinned": false
        },
        {
            "id": 888,
            "isPinned": false
        },
        {
            "id": 893,
            "isPinned": false
        },
        {
            "id": 897,
            "isPinned": false
        }
    ]
}
