{
    "analyticsSelectorOptions": {
        "contentHeight": 0,
        "contentMaximized": true
    },
    "battleListsOptions": {
        "0": {
            "battleListFilters": [
            ],
            "battleListSortOrder": [
                "byAgeAscending",
                "byAgeAscending"
            ],
            "contentHeight": 75,
            "contentMaximized": true,
            "isPartyView": false,
            "isPrimary": true,
            "name": "",
            "showFilters": false
        },
        "253": {
            "battleListFilters": [
            ],
            "battleListSortOrder": [
                "byAgeAscending",
                "byAgeAscending"
            ],
            "contentHeight": 0,
            "contentMaximized": true,
            "isPartyView": true,
            "isPrimary": false,
            "name": "",
            "showFilters": false
        }
    },
    "bestiaryTrackerWidgetOptions": {
        "contentHeight": 38,
        "contentMaximized": true,
        "sortKey": "name",
        "sortOrder": "ascending"
    },
    "bossTrackerWidgetOptions": {
        "contentHeight": 0,
        "contentMaximized": true,
        "sortKey": "remainingCooldown"
    },
    "bosstiaryTrackerWidgetOptions": {
        "contentHeight": 38,
        "contentMaximized": true,
        "sortKey": "name",
        "sortOrder": "ascending"
    },
    "containersOptions": {
        "0": {
            "contentHeight": 195,
            "contentMaximized": true
        },
        "1": {
            "contentHeight": 65,
            "contentMaximized": true
        }
    },
    "damageInputAnalyserWidgetOptions": {
        "contentHeight": 0,
        "contentMaximized": true
    },
    "deoptSearchWidgetOptions": {
        "contentHeight": 0,
        "contentMaximized": true,
        "showLockerOnly": false
    },
    "huntingSessionAnalyserWidgetOptions": {
        "contentHeight": 0,
        "contentMaximized": true
    },
    "imbuementTrackerWidgetOptions": {
        "contentHeight": 200,
        "contentMaximized": true,
        "showAlmostGone": true,
        "showAlmostNew": true,
        "showEmptySlots": true,
        "showUsed": true
    },
    "impactAnalyserWidgetOptions": {
        "contentHeight": 0,
        "contentMaximized": true
    },
    "lootAnalyserWidgetOptions": {
        "contentHeight": 0,
        "contentMaximized": true
    },
    "lootTrackerWidgetOptions": {
        "contentHeight": 0,
        "contentMaximized": true
    },
    "npcTradeOptions": {
        "allowLargeTradesWithoutWarning": false,
        "allowSellingEquippedItems": false,
        "contentHeight": 0,
        "contentMaximized": true,
        "ignoreCapacityWhenBuying": false,
        "purchaseShoppingBagWhenBuying": false,
        "showNameFilter": true,
        "sortFieldWhenBuying": "name",
        "sortFieldWhenSelling": "amount"
    },
    "partyHuntAnalyserOptions": {
        "contentHeight": 0,
        "contentMaximized": true
    },
    "playerGuideWidgetOptions": {
        "confirmedLevelSpecialPopups": [
            10
        ],
        "contentHeight": 0,
        "contentMaximized": true,
        "pendingLevelSpecialPopups": [
        ]
    },
    "preyWidgetOptions": {
        "contentHeight": 247,
        "contentMaximized": true
    },
    "questTrackerWidgetOptions": {
        "contentHeight": 75,
        "contentMaximized": true
    },
    "sidebarPanelsMangerOptions": {
        "panelsOrder": [
            "minimap",
            "inventoryStatus",
            "hitpointManabar",
            "buttons"
        ]
    },
    "sidebarPanelsOptions": {
        "chaseModeEnabled": true,
        "combatMode": 1,
        "controlButtonsVisible": true,
        "minimapZoomLevel": 200,
        "minimizeInventory": false
    },
    "sidebarWidgetsMangerOptions": {
        "leftSidebarCount": 0,
        "openWidgetsOrderPerSidebar": [
            [
                {
                    "instance": 0,
                    "type": "battleList"
                },
                {
                    "instance": 0,
                    "type": "container"
                },
                {
                    "instance": 1,
                    "type": "container"
                }
            ],
            [
                {
                    "type": "playerGuide"
                },
                {
                    "type": "questTracker"
                },
                {
                    "type": "skills"
                },
                {
                    "type": "prey"
                }
            ]
        ]
    },
    "skillsWidgetOptions": {
        "contentHeight": 577,
        "contentMaximized": true,
        "defenceStatsVisible": true,
        "invisibleProgressBars": [
        ],
        "miscStatsVisible": true,
        "offenceStatsVisible": true
    },
    "spellListWidgetOptions": {
        "contentHeight": 0,
        "contentMaximized": true,
        "showAttackSpellGroup": true,
        "showDruidSpells": true,
        "showFreeSpells": true,
        "showHealingSpellGroup": true,
        "showKnightSpells": true,
        "showMonkSpells": true,
        "showOnlyCurrentLevel": false,
        "showOnlyCurrentVocation": false,
        "showPaladinSpells": true,
        "showPremiumOnlySpells": true,
        "showSorcererSpells": true,
        "showSupportSpellGroup": true,
        "showUnkownSpells": false
    },
    "supplyAnalyserWidgetOptions": {
        "contentHeight": 0,
        "contentMaximized": true
    },
    "unjustifiedPointsOptions": {
        "contentHeight": 0,
        "contentMaximized": true
    },
    "vipWidgetOptions": {
        "contentHeight": 0,
        "contentMaximized": true,
        "hideOfflineVips": false,
        "showGrouped": false,
        "vipSortOrder": [
        ]
    },
    "xpAnalyserWidgetOptions": {
        "contentHeight": 0,
        "contentMaximized": true
    }
}
